{
  "data": {
    "24h": {
      "probability_above": {
        "269.46213947": 0.9739,
        "278.07007547": 0.1537,
        "263.00618747000004": 0.9998,
        "265.15817147000007": 0.9982,
        "267.31015547000004": 0.9937,
        "271.61412347000004": 0.8721,
        "273.76610747000007": 0.6676,
        "275.91809147000004": 0.3955,
        "280.22205947000003": 0.0407,
        "282.37404347000006": 0.0082,
        "284.52602747000003": 0.0
      },
      "probability_below": {
        "269.46213947": 0.0261,
        "278.07007547": 0.8463,
        "263.00618747000004": 0.0,
        "265.15817147000007": 0.0018,
        "267.31015547000004": 0.0063,
        "271.61412347000004": 0.1279,
        "273.76610747000007": 0.3324,
        "275.91809147000004": 0.6045,
        "280.22205947000003": 0.9593,
        "282.37404347000006": 0.9918,
        "284.52602747000003": 0.9998
      }
    }
  },
  "current_price": 274.94713747000003
}