{
  "data": {
    "24h": {
      "probability_above": {
        "59563.76458575": 0.9998,
        "62909.06618575": 0.9884,
        "66254.36778575": 0.7845,
        "67927.01858575": 0.5008,
        "69599.66938575": 0.2425,
        "72944.97098575": 0.0219,
        "74617.62178575": 0.003,
        "76290.27258575": 0.0,
        "71272.32018575001": 0.0938,
        "61236.415385750006": 0.9974,
        "64581.716985750005": 0.9406
      },
      "probability_below": {
        "59563.76458575": 0.0,
        "62909.06618575": 0.0116,
        "66254.36778575": 0.2155,
        "67927.01858575": 0.4992,
        "69599.66938575": 0.7575,
        "72944.97098575": 0.9781,
        "74617.62178575": 0.997,
        "76290.27258575": 0.9998,
        "71272.32018575001": 0.9062,
        "61236.415385750006": 0.0026,
        "64581.716985750005": 0.0594
      }
    }
  },
  "current_price": 67676.62358575
}