{
  "data": {
    "24h": {
      "probability_above": {
        "1774.01722252": 0.9999,
        "1840.42400252": 0.997,
        "1906.83078252": 0.9742,
        "1973.23756252": 0.8539,
        "2039.64434252": 0.6305,
        "2106.05112252": 0.3449,
        "2172.45790252": 0.1317,
        "2305.27146252": 0.0117,
        "2371.67824252": 0.0018,
        "2438.08502252": 0.0,
        "2238.8646825200003": 0.0372
      },
      "probability_below": {
        "1774.01722252": 0.0,
        "1840.42400252": 0.003,
        "1906.83078252": 0.0258,
        "1973.23756252": 0.1461,
        "2039.64434252": 0.3695,
        "2106.05112252": 0.6551,
        "2172.45790252": 0.8683,
        "2305.27146252": 0.9883,
        "2371.67824252": 0.9982,
        "2438.08502252": 0.9999,
        "2238.8646825200003": 0.9628
      }
    }
  },
  "current_price": 2042.13002252
}