{
  "data": {
    "24h": {
      "probability_above": {
        "300.76523148": 0.9999,
        "303.26182848": 0.9964,
        "305.75842548": 0.9841,
        "313.24821648": 0.5,
        "315.74481348": 0.2241,
        "318.24141048": 0.0673,
        "320.73800748": 0.0153,
        "308.25502248000004": 0.9356,
        "310.75161948000004": 0.7715,
        "323.23460448000003": 0.0036,
        "325.73120148000004": 0.0
      },
      "probability_below": {
        "300.76523148": 0.0,
        "303.26182848": 0.0036,
        "305.75842548": 0.0159,
        "313.24821648": 0.5,
        "315.74481348": 0.7759,
        "318.24141048": 0.9327,
        "320.73800748": 0.9847,
        "308.25502248000004": 0.0644,
        "310.75161948000004": 0.2285,
        "323.23460448000003": 0.9964,
        "325.73120148000004": 0.9999
      }
    }
  },
  "current_price": 312.87030148
}