{
  "data": {
    "24h": {
      "probability_above": {
        "179.22280712": 0.9999,
        "182.30348812": 0.9988,
        "185.38416912": 0.9905,
        "188.46485012": 0.9162,
        "191.54553112": 0.7318,
        "194.62621212": 0.4526,
        "206.94893612": 0.0016,
        "210.02961712": 0.0,
        "197.70689312000002": 0.1911,
        "200.78757412000002": 0.0647,
        "203.86825512000001": 0.0089
      },
      "probability_below": {
        "179.22280712": 0.0,
        "182.30348812": 0.0012,
        "185.38416912": 0.0095,
        "188.46485012": 0.0838,
        "191.54553112": 0.2682,
        "194.62621212": 0.5474,
        "206.94893612": 0.9984,
        "210.02961712": 0.9999,
        "197.70689312000002": 0.8089,
        "200.78757412000002": 0.9353,
        "203.86825512000001": 0.9911
      }
    }
  },
  "current_price": 193.68011712
}