{
  "data": {
    "24h": {
      "probability_above": {
        "72.30818496": 0.9999,
        "78.50064596": 0.9946,
        "81.59687646": 0.9494,
        "84.69310696": 0.7895,
        "87.78933746": 0.5029,
        "90.88556796": 0.2258,
        "93.98179846": 0.0763,
        "97.07802896": 0.023,
        "75.40441546000001": 0.9998,
        "100.17425945999999": 0.0045,
        "103.27048995999999": 0.0
      },
      "probability_below": {
        "72.30818496": 0.0,
        "78.50064596": 0.0054,
        "81.59687646": 0.0506,
        "84.69310696": 0.2105,
        "87.78933746": 0.4971,
        "90.88556796": 0.7742,
        "93.98179846": 0.9237,
        "97.07802896": 0.977,
        "75.40441546000001": 0.0002,
        "100.17425945999999": 0.9955,
        "103.27048995999999": 0.9999
      }
    }
  },
  "current_price": 87.19570496
}