{
  "data": {
    "24h": {
      "probability_above": {
        "686.01507663": 0.9998,
        "687.67382963": 0.9948,
        "690.99133563": 0.9333,
        "694.30884163": 0.4808,
        "695.96759463": 0.2087,
        "699.28510063": 0.0103,
        "702.60260663": 0.0,
        "689.3325826299999": 0.9828,
        "692.6500886299999": 0.7544,
        "697.6263476299999": 0.0585,
        "700.9438536299999": 0.0019
      },
      "probability_below": {
        "686.01507663": 0.0,
        "687.67382963": 0.0052,
        "690.99133563": 0.0667,
        "694.30884163": 0.5192,
        "695.96759463": 0.7913,
        "699.28510063": 0.9897,
        "702.60260663": 0.9999,
        "689.3325826299999": 0.0172,
        "692.6500886299999": 0.2456,
        "697.6263476299999": 0.9415,
        "700.9438536299999": 0.9981
      }
    }
  },
  "current_price": 693.51141663
}