{
  "data": {
    "24h": {
      "probability_above": {
        "392.62443036": 0.9998,
        "397.06658736": 0.9946,
        "414.83521536": 0.4482,
        "419.27737236": 0.2035,
        "423.71952936": 0.0691,
        "401.50874436000004": 0.9716,
        "405.95090136000005": 0.8842,
        "410.39305836000005": 0.6971,
        "428.16168636000003": 0.0162,
        "432.60384336000004": 0.009,
        "437.04600036000005": 0.0
      },
      "probability_below": {
        "392.62443036": 0.0,
        "397.06658736": 0.0054,
        "414.83521536": 0.5518,
        "419.27737236": 0.7965,
        "423.71952936": 0.9309,
        "401.50874436000004": 0.0284,
        "405.95090136000005": 0.1158,
        "410.39305836000005": 0.3029,
        "428.16168636000003": 0.9838,
        "432.60384336000004": 0.991,
        "437.04600036000005": 0.9998
      }
    }
  },
  "current_price": 414.61011036
}