{
  "data": {
    "24h": {
      "probability_above": {
        "5441.056": 0.0,
        "5011.4613": 0.9999,
        "5054.42077": 0.9906,
        "5140.33971": 0.8108,
        "5183.29918": 0.5871,
        "5226.25865": 0.3385,
        "5355.13706": 0.0153,
        "5398.09653": 0.0036,
        "5312.177589999999": 0.0525,
        "5097.3802399999995": 0.9425,
        "5269.2181199999995": 0.1459
      },
      "probability_below": {
        "5441.056": 0.9999,
        "5011.4613": 0.0,
        "5054.42077": 0.0094,
        "5140.33971": 0.1892,
        "5183.29918": 0.4129,
        "5226.25865": 0.6615,
        "5355.13706": 0.9847,
        "5398.09653": 0.9964,
        "5312.177589999999": 0.9475,
        "5097.3802399999995": 0.0575,
        "5269.2181199999995": 0.8541
      }
    }
  },
  "current_price": 5175.744
}