{
  "expiry_time": "2026-02-26 08:00:00Z",
  "put_options": {
    "270.0": 0.0,
    "270.5": 0.0,
    "271.0": 0.0,
    "271.5": 0.00026035462200003397,
    "272.0": 0.0009768884880000713,
    "272.5": 0.00551703779200028,
    "273.0": 0.014315094122000528,
    "273.5": 0.037611988256001594,
    "274.0": 0.09607594226200337,
    "274.5": 0.20765277546800606,
    "275.0": 0.4014088305020105,
    "275.5": 0.6938674343920144,
    "276.0": 1.0692574324480173,
    "276.5": 1.503848635792019,
    "277.0": 1.9761218634740203,
    "277.5": 2.4654162969140208,
    "278.0": 2.961473998890021,
    "278.5": 3.4602214813780208,
    "279.0": 3.960142895000021,
    "279.5": 4.460142895000021,
    "280.0": 4.960142895000021,
    "280.5": 5.460142895000021
  },
  "call_options": {
    "270.0": 5.039857104999979,
    "270.5": 4.539857104999979,
    "271.0": 4.03985710499998,
    "271.5": 3.540117459621979,
    "272.0": 3.040833993487979,
    "272.5": 2.545374142791979,
    "273.0": 2.0541721991219792,
    "273.5": 1.5774690932559807,
    "274.0": 1.135933047261982,
    "274.5": 0.7475098804679848,
    "275.0": 0.44126593550198934,
    "275.5": 0.23372453939199322,
    "276.0": 0.10911453744799596,
    "276.5": 0.04370574079199801,
    "277.0": 0.015978968473999242,
    "277.5": 0.005273401913999669,
    "278.0": 0.001331103889999838,
    "278.5": 7.85863779999488e-05,
    "279.0": 0.0,
    "279.5": 0.0,
    "280.0": 0.0,
    "280.5": 0.0
  },
  "current_price": 274.98017042
}