{
  "expiry_time": "2026-02-26 08:00:00Z",
  "put_options": {
    "308.0": 0.0,
    "308.5": 0.0,
    "309.0": 0.0,
    "309.5": 0.0005100156050000578,
    "310.0": 0.0022542172800000915,
    "310.5": 0.007116240485000157,
    "311.0": 0.016176629370000323,
    "311.5": 0.03428914502000071,
    "312.0": 0.0779415429850015,
    "312.5": 0.17001881370000288,
    "313.0": 0.3416830427450045,
    "313.5": 0.6039862261600065,
    "314.0": 0.9554657764450081,
    "314.5": 1.3761765676950093,
    "315.0": 1.84200110108001,
    "315.5": 2.3290359251450106,
    "316.0": 2.8237938463250103,
    "316.5": 3.3219484733950106,
    "317.0": 3.821162575000011,
    "317.5": 4.32116257500001,
    "318.0": 4.82116257500001,
    "318.5": 5.32116257500001
  },
  "call_options": {
    "308.0": 5.17883742499999,
    "308.5": 4.67883742499999,
    "309.0": 4.17883742499999,
    "309.5": 3.6793474406049893,
    "310.0": 3.181091642279989,
    "310.5": 2.68595366548499,
    "311.0": 2.1950140543699903,
    "311.5": 1.7131265700199902,
    "312.0": 1.2567789679849912,
    "312.5": 0.8488562386999925,
    "313.0": 0.520520467744994,
    "313.5": 0.282823651159996,
    "314.0": 0.13430320144499766,
    "314.5": 0.05501399269499893,
    "315.0": 0.020838526079999666,
    "315.5": 0.007873350144999887,
    "316.0": 0.002631271324999966,
    "316.5": 0.0007858983949999754,
    "317.0": 0.0,
    "317.5": 0.0,
    "318.0": 0.0,
    "318.5": 0.0
  },
  "current_price": 312.95596385
}