{
  "expiry_time": "2026-02-26 08:00:00Z",
  "put_options": {
    "188.0": 0.0,
    "188.5": 0.0,
    "189.0": 0.0002853796079999796,
    "189.5": 0.0013529672159999593,
    "190.0": 0.0036110401279999395,
    "190.5": 0.00961936967999987,
    "191.0": 0.021733577623999675,
    "191.5": 0.049415327095999315,
    "192.0": 0.10303408195999889,
    "192.5": 0.19621933798399813,
    "193.0": 0.3446049114079971,
    "193.5": 0.5547974118879961,
    "194.0": 0.8333493050239951,
    "194.5": 1.1751741260319943,
    "195.0": 1.5773378659999935,
    "195.5": 2.0211940766479928,
    "196.0": 2.4886752458719927,
    "196.5": 2.9732043559199925,
    "197.0": 3.467161178823993,
    "197.5": 3.9647219705759924,
    "198.0": 4.463518573391992,
    "198.5": 4.962671813695993
  },
  "call_options": {
    "188.0": 5.537464109000008,
    "188.5": 5.037464109000008,
    "189.0": 4.537749488608007,
    "189.5": 4.038817076216008,
    "190.0": 3.5410751491280075,
    "190.5": 3.047083478680007,
    "191.0": 2.5591976866240076,
    "191.5": 2.086879436096007,
    "192.0": 1.6404981909600065,
    "192.5": 1.233683446984006,
    "193.0": 0.8820690204080048,
    "193.5": 0.5922615208880038,
    "194.0": 0.3708134140240028,
    "194.5": 0.2126382350320019,
    "195.0": 0.11480197500000104,
    "195.5": 0.05865818564800066,
    "196.0": 0.02613935487200032,
    "196.5": 0.010668464920000113,
    "197.0": 0.0046252878240000544,
    "197.5": 0.0021860795760000203,
    "198.0": 0.0009826823920000094,
    "198.5": 0.00013592269600000008
  },
  "current_price": 193.21952744
}