{
  "expiry_time": "2026-02-26 08:00:00Z",
  "put_options": {
    "74": 0.0,
    "76": 0.0,
    "78": 0.0,
    "80": 0.0,
    "82": 0.0036264133500000157,
    "84": 0.0553488378000002,
    "86": 0.3578971251000008,
    "88": 1.272333561775002,
    "90": 2.821175128825003,
    "92": 4.690676919650003,
    "94": 6.6640678064250025,
    "96": 8.659661819500002,
    "98": 10.659092312900004,
    "100": 12.659092312900004
  },
  "call_options": {
    "74": 13.340907687099996,
    "76": 11.340907687099996,
    "78": 9.340907687099996,
    "80": 7.340907687099997,
    "82": 5.344534100449997,
    "84": 3.396256524899997,
    "86": 1.698804812199998,
    "88": 0.613241248874999,
    "90": 0.16208281592499962,
    "92": 0.03158460674999994,
    "94": 0.004975493524999993,
    "96": 0.0005695066000000011,
    "98": 0.0,
    "100": 0.0
  },
  "current_price": 87.19650125
}