{
  "expiry_time": "2026-02-26 08:00:00Z",
  "put_options": {
    "409.5": 0.0,
    "410.0": 0.00042808370599999534,
    "410.5": 0.0008780837059999953,
    "411.0": 0.0026770906479999385,
    "411.5": 0.0074849595899998235,
    "412.0": 0.017670228885999655,
    "412.5": 0.03923863783199926,
    "413.0": 0.08295584347199873,
    "413.5": 0.16075364859599772,
    "414.0": 0.2940773265719962,
    "414.5": 0.49042612956399445,
    "415.0": 0.756368776993993,
    "415.5": 1.0898304194219917,
    "416.0": 1.48017201236399,
    "416.5": 1.9160526111439897,
    "417.0": 2.379946646979989,
    "417.5": 2.861585454447989,
    "418.0": 3.3541940283779885,
    "418.5": 3.851123600443989,
    "419.0": 4.349549251613989,
    "419.5": 4.848981151999989,
    "420.0": 5.348981151999989
  },
  "call_options": {
    "409.5": 5.151018848000011,
    "410.0": 4.651446931706012,
    "410.5": 4.151896931706012,
    "411.0": 3.6536959386480112,
    "411.5": 3.1585038075900114,
    "412.0": 2.668689076886011,
    "412.5": 2.1902574858320105,
    "413.0": 1.73397469147201,
    "413.5": 1.3117724965960094,
    "414.0": 0.9450961745720077,
    "414.5": 0.641444977564006,
    "415.0": 0.40738762499400455,
    "415.5": 0.2408492674220031,
    "416.0": 0.1311908603640017,
    "416.5": 0.06707145914400114,
    "417.0": 0.030965494980000625,
    "417.5": 0.012604302448000294,
    "418.0": 0.005212876378000118,
    "418.5": 0.002142448444000047,
    "419.0": 0.0005680996140000388,
    "419.5": 0.0,
    "420.0": 0.0
  },
  "current_price": 414.60944366
}